{"1": [1, 0, 0, 0.0, 0.0, 0.0, 0.0, 1, 0, 0.8627451062202454, 1.0, 0.0, 0.0, 1.0, 1.0], "6": [0, 1, 0, 13.0, 1.0, 0.6056337952613831, 0.3839447796344757, 0, 1, 0.0, 6.0, 0.3543411195278168, 0.9210526347160339, 4.0, 0.2780012786388397], "16": [0, 0, 1, 15.0, 2.0, 1.0, 1.0, 0, 1, 1.0, 16.0, 1.0, 1.0, 6.0, 0.0]}